<annotation>
    <folder>lacmus</folder>
    <filename>1100</filename>
    <path>datasets/lacmus/fixed/1100</path>
    <source>
        <database>Unknown</database>
    </source>
    <size>
        <width>4000</width>
        <height>3000</height>
        <depth>3</depth>
    </size>
    <segmented>0</segmented>
    <object>
        <name>Pedestrian</name>
        <pose>Unspecified</pose>
        <truncated>0</truncated>
        <difficult>0</difficult>
        <bndbox>
            <xmin>1676</xmin>
            <ymin>1693</ymin>
            <xmax>1702</xmax>
            <ymax>1716</ymax>
        </bndbox>
    </object>    <object>
        <name>Pedestrian</name>
        <pose>Unspecified</pose>
        <truncated>0</truncated>
        <difficult>0</difficult>
        <bndbox>
            <xmin>1235</xmin>
            <ymin>457</ymin>
            <xmax>1282</xmax>
            <ymax>544</ymax>
        </bndbox>
    </object>    <object>
        <name>Pedestrian</name>
        <pose>Unspecified</pose>
        <truncated>0</truncated>
        <difficult>0</difficult>
        <bndbox>
            <xmin>1289</xmin>
            <ymin>322</ymin>
            <xmax>1329</xmax>
            <ymax>384</ymax>
        </bndbox>
    </object>
</annotation>
