<annotation>
    <folder>lacmus</folder>
    <filename>1193</filename>
    <path>datasets/lacmus/fixed/1193</path>
    <source>
        <database>Unknown</database>
    </source>
    <size>
        <width>4000</width>
        <height>3000</height>
        <depth>3</depth>
    </size>
    <segmented>0</segmented>
    <object>
        <name>Pedestrian</name>
        <pose>Unspecified</pose>
        <truncated>0</truncated>
        <difficult>0</difficult>
        <bndbox>
            <xmin>1256</xmin>
            <ymin>1702</ymin>
            <xmax>1302</xmax>
            <ymax>1747</ymax>
        </bndbox>
    </object>    <object>
        <name>Pedestrian</name>
        <pose>Unspecified</pose>
        <truncated>0</truncated>
        <difficult>0</difficult>
        <bndbox>
            <xmin>1329</xmin>
            <ymin>1557</ymin>
            <xmax>1342</xmax>
            <ymax>1578</ymax>
        </bndbox>
    </object>    <object>
        <name>Pedestrian</name>
        <pose>Unspecified</pose>
        <truncated>0</truncated>
        <difficult>0</difficult>
        <bndbox>
            <xmin>833</xmin>
            <ymin>835</ymin>
            <xmax>882</xmax>
            <ymax>859</ymax>
        </bndbox>
    </object>
</annotation>
