<annotation>
    <folder>lacmus</folder>
    <filename>1194</filename>
    <path>datasets/lacmus/fixed/1194</path>
    <source>
        <database>Unknown</database>
    </source>
    <size>
        <width>4000</width>
        <height>3000</height>
        <depth>3</depth>
    </size>
    <segmented>0</segmented>
    <object>
        <name>Pedestrian</name>
        <pose>Unspecified</pose>
        <truncated>0</truncated>
        <difficult>0</difficult>
        <bndbox>
            <xmin>2612</xmin>
            <ymin>1259</ymin>
            <xmax>2657</xmax>
            <ymax>1309</ymax>
        </bndbox>
    </object>    <object>
        <name>Pedestrian</name>
        <pose>Unspecified</pose>
        <truncated>0</truncated>
        <difficult>0</difficult>
        <bndbox>
            <xmin>2589</xmin>
            <ymin>1333</ymin>
            <xmax>2626</xmax>
            <ymax>1362</ymax>
        </bndbox>
    </object>    <object>
        <name>Pedestrian</name>
        <pose>Unspecified</pose>
        <truncated>0</truncated>
        <difficult>0</difficult>
        <bndbox>
            <xmin>2504</xmin>
            <ymin>1244</ymin>
            <xmax>2550</xmax>
            <ymax>1288</ymax>
        </bndbox>
    </object>    <object>
        <name>Pedestrian</name>
        <pose>Unspecified</pose>
        <truncated>0</truncated>
        <difficult>0</difficult>
        <bndbox>
            <xmin>2467</xmin>
            <ymin>1375</ymin>
            <xmax>2504</xmax>
            <ymax>1424</ymax>
        </bndbox>
    </object>    <object>
        <name>Pedestrian</name>
        <pose>Unspecified</pose>
        <truncated>0</truncated>
        <difficult>0</difficult>
        <bndbox>
            <xmin>2458</xmin>
            <ymin>1373</ymin>
            <xmax>2526</xmax>
            <ymax>1422</ymax>
        </bndbox>
    </object>    <object>
        <name>Pedestrian</name>
        <pose>Unspecified</pose>
        <truncated>0</truncated>
        <difficult>0</difficult>
        <bndbox>
            <xmin>2489</xmin>
            <ymin>1313</ymin>
            <xmax>2538</xmax>
            <ymax>1367</ymax>
        </bndbox>
    </object>
</annotation>
