<annotation>
    <folder>lacmus</folder>
    <filename>55</filename>
    <path>datasets/lacmus/fixed/55</path>
    <source>
        <database>Unknown</database>
    </source>
    <size>
        <width>4864</width>
        <height>3648</height>
        <depth>3</depth>
    </size>
    <segmented>0</segmented>
    <object>
        <name>Pedestrian</name>
        <pose>Unspecified</pose>
        <truncated>0</truncated>
        <difficult>0</difficult>
        <bndbox>
            <xmin>4636</xmin>
            <ymin>2092</ymin>
            <xmax>4738</xmax>
            <ymax>2153</ymax>
        </bndbox>
    </object>    <object>
        <name>Pedestrian</name>
        <pose>Unspecified</pose>
        <truncated>0</truncated>
        <difficult>0</difficult>
        <bndbox>
            <xmin>4556</xmin>
            <ymin>2497</ymin>
            <xmax>4643</xmax>
            <ymax>2594</ymax>
        </bndbox>
    </object>    <object>
        <name>Pedestrian</name>
        <pose>Unspecified</pose>
        <truncated>0</truncated>
        <difficult>0</difficult>
        <bndbox>
            <xmin>4206</xmin>
            <ymin>141</ymin>
            <xmax>4297</xmax>
            <ymax>268</ymax>
        </bndbox>
    </object>    <object>
        <name>Pedestrian</name>
        <pose>Unspecified</pose>
        <truncated>0</truncated>
        <difficult>0</difficult>
        <bndbox>
            <xmin>4134</xmin>
            <ymin>157</ymin>
            <xmax>4240</xmax>
            <ymax>253</ymax>
        </bndbox>
    </object>    <object>
        <name>Pedestrian</name>
        <pose>Unspecified</pose>
        <truncated>0</truncated>
        <difficult>0</difficult>
        <bndbox>
            <xmin>3727</xmin>
            <ymin>2594</ymin>
            <xmax>3830</xmax>
            <ymax>2665</ymax>
        </bndbox>
    </object>    <object>
        <name>Pedestrian</name>
        <pose>Unspecified</pose>
        <truncated>0</truncated>
        <difficult>0</difficult>
        <bndbox>
            <xmin>3716</xmin>
            <ymin>2538</ymin>
            <xmax>3811</xmax>
            <ymax>2594</ymax>
        </bndbox>
    </object>    <object>
        <name>Pedestrian</name>
        <pose>Unspecified</pose>
        <truncated>0</truncated>
        <difficult>0</difficult>
        <bndbox>
            <xmin>3701</xmin>
            <ymin>2477</ymin>
            <xmax>3815</xmax>
            <ymax>2538</ymax>
        </bndbox>
    </object>    <object>
        <name>Pedestrian</name>
        <pose>Unspecified</pose>
        <truncated>0</truncated>
        <difficult>0</difficult>
        <bndbox>
            <xmin>3625</xmin>
            <ymin>2497</ymin>
            <xmax>3743</xmax>
            <ymax>2589</ymax>
        </bndbox>
    </object>    <object>
        <name>Pedestrian</name>
        <pose>Unspecified</pose>
        <truncated>0</truncated>
        <difficult>0</difficult>
        <bndbox>
            <xmin>3697</xmin>
            <ymin>2279</ymin>
            <xmax>3796</xmax>
            <ymax>2330</ymax>
        </bndbox>
    </object>    <object>
        <name>Pedestrian</name>
        <pose>Unspecified</pose>
        <truncated>0</truncated>
        <difficult>0</difficult>
        <bndbox>
            <xmin>3636</xmin>
            <ymin>2209</ymin>
            <xmax>3724</xmax>
            <ymax>2305</ymax>
        </bndbox>
    </object>    <object>
        <name>Pedestrian</name>
        <pose>Unspecified</pose>
        <truncated>0</truncated>
        <difficult>0</difficult>
        <bndbox>
            <xmin>3678</xmin>
            <ymin>2178</ymin>
            <xmax>3765</xmax>
            <ymax>2264</ymax>
        </bndbox>
    </object>    <object>
        <name>Pedestrian</name>
        <pose>Unspecified</pose>
        <truncated>0</truncated>
        <difficult>0</difficult>
        <bndbox>
            <xmin>3970</xmin>
            <ymin>263</ymin>
            <xmax>4081</xmax>
            <ymax>364</ymax>
        </bndbox>
    </object>    <object>
        <name>Pedestrian</name>
        <pose>Unspecified</pose>
        <truncated>0</truncated>
        <difficult>0</difficult>
        <bndbox>
            <xmin>3522</xmin>
            <ymin>450</ymin>
            <xmax>3632</xmax>
            <ymax>567</ymax>
        </bndbox>
    </object>    <object>
        <name>Pedestrian</name>
        <pose>Unspecified</pose>
        <truncated>0</truncated>
        <difficult>0</difficult>
        <bndbox>
            <xmin>3298</xmin>
            <ymin>5</ymin>
            <xmax>3378</xmax>
            <ymax>50</ymax>
        </bndbox>
    </object>    <object>
        <name>Pedestrian</name>
        <pose>Unspecified</pose>
        <truncated>0</truncated>
        <difficult>0</difficult>
        <bndbox>
            <xmin>2956</xmin>
            <ymin>76</ymin>
            <xmax>3009</xmax>
            <ymax>146</ymax>
        </bndbox>
    </object>    <object>
        <name>Pedestrian</name>
        <pose>Unspecified</pose>
        <truncated>0</truncated>
        <difficult>0</difficult>
        <bndbox>
            <xmin>2891</xmin>
            <ymin>111</ymin>
            <xmax>2948</xmax>
            <ymax>268</ymax>
        </bndbox>
    </object>    <object>
        <name>Pedestrian</name>
        <pose>Unspecified</pose>
        <truncated>0</truncated>
        <difficult>0</difficult>
        <bndbox>
            <xmin>2827</xmin>
            <ymin>106</ymin>
            <xmax>2895</xmax>
            <ymax>222</ymax>
        </bndbox>
    </object>    <object>
        <name>Pedestrian</name>
        <pose>Unspecified</pose>
        <truncated>0</truncated>
        <difficult>0</difficult>
        <bndbox>
            <xmin>3241</xmin>
            <ymin>359</ymin>
            <xmax>3309</xmax>
            <ymax>425</ymax>
        </bndbox>
    </object>    <object>
        <name>Pedestrian</name>
        <pose>Unspecified</pose>
        <truncated>0</truncated>
        <difficult>0</difficult>
        <bndbox>
            <xmin>3188</xmin>
            <ymin>430</ymin>
            <xmax>3275</xmax>
            <ymax>511</ymax>
        </bndbox>
    </object>    <object>
        <name>Pedestrian</name>
        <pose>Unspecified</pose>
        <truncated>0</truncated>
        <difficult>0</difficult>
        <bndbox>
            <xmin>3423</xmin>
            <ymin>841</ymin>
            <xmax>3526</xmax>
            <ymax>952</ymax>
        </bndbox>
    </object>    <object>
        <name>Pedestrian</name>
        <pose>Unspecified</pose>
        <truncated>0</truncated>
        <difficult>0</difficult>
        <bndbox>
            <xmin>3545</xmin>
            <ymin>1393</ymin>
            <xmax>3629</xmax>
            <ymax>1474</ymax>
        </bndbox>
    </object>    <object>
        <name>Pedestrian</name>
        <pose>Unspecified</pose>
        <truncated>0</truncated>
        <difficult>0</difficult>
        <bndbox>
            <xmin>3438</xmin>
            <ymin>1413</ymin>
            <xmax>3553</xmax>
            <ymax>1469</ymax>
        </bndbox>
    </object>    <object>
        <name>Pedestrian</name>
        <pose>Unspecified</pose>
        <truncated>0</truncated>
        <difficult>0</difficult>
        <bndbox>
            <xmin>3458</xmin>
            <ymin>1474</ymin>
            <xmax>3526</xmax>
            <ymax>1555</ymax>
        </bndbox>
    </object>    <object>
        <name>Pedestrian</name>
        <pose>Unspecified</pose>
        <truncated>0</truncated>
        <difficult>0</difficult>
        <bndbox>
            <xmin>3142</xmin>
            <ymin>1732</ymin>
            <xmax>3199</xmax>
            <ymax>1788</ymax>
        </bndbox>
    </object>    <object>
        <name>Pedestrian</name>
        <pose>Unspecified</pose>
        <truncated>0</truncated>
        <difficult>0</difficult>
        <bndbox>
            <xmin>3142</xmin>
            <ymin>1033</ymin>
            <xmax>3199</xmax>
            <ymax>1165</ymax>
        </bndbox>
    </object>    <object>
        <name>Pedestrian</name>
        <pose>Unspecified</pose>
        <truncated>0</truncated>
        <difficult>0</difficult>
        <bndbox>
            <xmin>3021</xmin>
            <ymin>1063</ymin>
            <xmax>3089</xmax>
            <ymax>1160</ymax>
        </bndbox>
    </object>    <object>
        <name>Pedestrian</name>
        <pose>Unspecified</pose>
        <truncated>0</truncated>
        <difficult>0</difficult>
        <bndbox>
            <xmin>3070</xmin>
            <ymin>1038</ymin>
            <xmax>3131</xmax>
            <ymax>1140</ymax>
        </bndbox>
    </object>    <object>
        <name>Pedestrian</name>
        <pose>Unspecified</pose>
        <truncated>0</truncated>
        <difficult>0</difficult>
        <bndbox>
            <xmin>2941</xmin>
            <ymin>587</ymin>
            <xmax>3017</xmax>
            <ymax>704</ymax>
        </bndbox>
    </object>    <object>
        <name>Pedestrian</name>
        <pose>Unspecified</pose>
        <truncated>0</truncated>
        <difficult>0</difficult>
        <bndbox>
            <xmin>2736</xmin>
            <ymin>714</ymin>
            <xmax>2804</xmax>
            <ymax>830</ymax>
        </bndbox>
    </object>    <object>
        <name>Pedestrian</name>
        <pose>Unspecified</pose>
        <truncated>0</truncated>
        <difficult>0</difficult>
        <bndbox>
            <xmin>2264</xmin>
            <ymin>623</ymin>
            <xmax>2363</xmax>
            <ymax>719</ymax>
        </bndbox>
    </object>    <object>
        <name>Pedestrian</name>
        <pose>Unspecified</pose>
        <truncated>0</truncated>
        <difficult>0</difficult>
        <bndbox>
            <xmin>2318</xmin>
            <ymin>719</ymin>
            <xmax>2375</xmax>
            <ymax>780</ymax>
        </bndbox>
    </object>    <object>
        <name>Pedestrian</name>
        <pose>Unspecified</pose>
        <truncated>0</truncated>
        <difficult>0</difficult>
        <bndbox>
            <xmin>2272</xmin>
            <ymin>719</ymin>
            <xmax>2344</xmax>
            <ymax>815</ymax>
        </bndbox>
    </object>    <object>
        <name>Pedestrian</name>
        <pose>Unspecified</pose>
        <truncated>0</truncated>
        <difficult>0</difficult>
        <bndbox>
            <xmin>2937</xmin>
            <ymin>1393</ymin>
            <xmax>3024</xmax>
            <ymax>1459</ymax>
        </bndbox>
    </object>    <object>
        <name>Pedestrian</name>
        <pose>Unspecified</pose>
        <truncated>0</truncated>
        <difficult>0</difficult>
        <bndbox>
            <xmin>2846</xmin>
            <ymin>1373</ymin>
            <xmax>2933</xmax>
            <ymax>1443</ymax>
        </bndbox>
    </object>    <object>
        <name>Pedestrian</name>
        <pose>Unspecified</pose>
        <truncated>0</truncated>
        <difficult>0</difficult>
        <bndbox>
            <xmin>2869</xmin>
            <ymin>1433</ymin>
            <xmax>2948</xmax>
            <ymax>1514</ymax>
        </bndbox>
    </object>    <object>
        <name>Pedestrian</name>
        <pose>Unspecified</pose>
        <truncated>0</truncated>
        <difficult>0</difficult>
        <bndbox>
            <xmin>2409</xmin>
            <ymin>1145</ymin>
            <xmax>2527</xmax>
            <ymax>1276</ymax>
        </bndbox>
    </object>    <object>
        <name>Pedestrian</name>
        <pose>Unspecified</pose>
        <truncated>0</truncated>
        <difficult>0</difficult>
        <bndbox>
            <xmin>2386</xmin>
            <ymin>1256</ymin>
            <xmax>2458</xmax>
            <ymax>1352</ymax>
        </bndbox>
    </object>    <object>
        <name>Pedestrian</name>
        <pose>Unspecified</pose>
        <truncated>0</truncated>
        <difficult>0</difficult>
        <bndbox>
            <xmin>1683</xmin>
            <ymin>5</ymin>
            <xmax>1767</xmax>
            <ymax>131</ymax>
        </bndbox>
    </object>    <object>
        <name>Pedestrian</name>
        <pose>Unspecified</pose>
        <truncated>0</truncated>
        <difficult>0</difficult>
        <bndbox>
            <xmin>459</xmin>
            <ymin>5</ymin>
            <xmax>543</xmax>
            <ymax>75</ymax>
        </bndbox>
    </object>    <object>
        <name>Pedestrian</name>
        <pose>Unspecified</pose>
        <truncated>0</truncated>
        <difficult>0</difficult>
        <bndbox>
            <xmin>376</xmin>
            <ymin>96</ymin>
            <xmax>535</xmax>
            <ymax>182</ymax>
        </bndbox>
    </object>    <object>
        <name>Pedestrian</name>
        <pose>Unspecified</pose>
        <truncated>0</truncated>
        <difficult>0</difficult>
        <bndbox>
            <xmin>3298</xmin>
            <ymin>3384</ymin>
            <xmax>3408</xmax>
            <ymax>3506</ymax>
        </bndbox>
    </object>    <object>
        <name>Pedestrian</name>
        <pose>Unspecified</pose>
        <truncated>0</truncated>
        <difficult>0</difficult>
        <bndbox>
            <xmin>3043</xmin>
            <ymin>3409</ymin>
            <xmax>3153</xmax>
            <ymax>3526</ymax>
        </bndbox>
    </object>    <object>
        <name>Pedestrian</name>
        <pose>Unspecified</pose>
        <truncated>0</truncated>
        <difficult>0</difficult>
        <bndbox>
            <xmin>3271</xmin>
            <ymin>3040</ymin>
            <xmax>3370</xmax>
            <ymax>3171</ymax>
        </bndbox>
    </object>    <object>
        <name>Pedestrian</name>
        <pose>Unspecified</pose>
        <truncated>0</truncated>
        <difficult>0</difficult>
        <bndbox>
            <xmin>3321</xmin>
            <ymin>2832</ymin>
            <xmax>3401</xmax>
            <ymax>2913</ymax>
        </bndbox>
    </object>    <object>
        <name>Pedestrian</name>
        <pose>Unspecified</pose>
        <truncated>0</truncated>
        <difficult>0</difficult>
        <bndbox>
            <xmin>3309</xmin>
            <ymin>2563</ymin>
            <xmax>3389</xmax>
            <ymax>2639</ymax>
        </bndbox>
    </object>    <object>
        <name>Pedestrian</name>
        <pose>Unspecified</pose>
        <truncated>0</truncated>
        <difficult>0</difficult>
        <bndbox>
            <xmin>3302</xmin>
            <ymin>2305</ymin>
            <xmax>3385</xmax>
            <ymax>2406</ymax>
        </bndbox>
    </object>    <object>
        <name>Pedestrian</name>
        <pose>Unspecified</pose>
        <truncated>0</truncated>
        <difficult>0</difficult>
        <bndbox>
            <xmin>3218</xmin>
            <ymin>2315</ymin>
            <xmax>3317</xmax>
            <ymax>2406</ymax>
        </bndbox>
    </object>    <object>
        <name>Pedestrian</name>
        <pose>Unspecified</pose>
        <truncated>0</truncated>
        <difficult>0</difficult>
        <bndbox>
            <xmin>3241</xmin>
            <ymin>2396</ymin>
            <xmax>3347</xmax>
            <ymax>2472</ymax>
        </bndbox>
    </object>    <object>
        <name>Pedestrian</name>
        <pose>Unspecified</pose>
        <truncated>0</truncated>
        <difficult>0</difficult>
        <bndbox>
            <xmin>3222</xmin>
            <ymin>2492</ymin>
            <xmax>3298</xmax>
            <ymax>2594</ymax>
        </bndbox>
    </object>    <object>
        <name>Pedestrian</name>
        <pose>Unspecified</pose>
        <truncated>0</truncated>
        <difficult>0</difficult>
        <bndbox>
            <xmin>3229</xmin>
            <ymin>2589</ymin>
            <xmax>3302</xmax>
            <ymax>2639</ymax>
        </bndbox>
    </object>    <object>
        <name>Pedestrian</name>
        <pose>Unspecified</pose>
        <truncated>0</truncated>
        <difficult>0</difficult>
        <bndbox>
            <xmin>3203</xmin>
            <ymin>2882</ymin>
            <xmax>3267</xmax>
            <ymax>2958</ymax>
        </bndbox>
    </object>    <object>
        <name>Pedestrian</name>
        <pose>Unspecified</pose>
        <truncated>0</truncated>
        <difficult>0</difficult>
        <bndbox>
            <xmin>3275</xmin>
            <ymin>2842</ymin>
            <xmax>3305</xmax>
            <ymax>2903</ymax>
        </bndbox>
    </object>    <object>
        <name>Pedestrian</name>
        <pose>Unspecified</pose>
        <truncated>0</truncated>
        <difficult>0</difficult>
        <bndbox>
            <xmin>3024</xmin>
            <ymin>3288</ymin>
            <xmax>3104</xmax>
            <ymax>3389</ymax>
        </bndbox>
    </object>    <object>
        <name>Pedestrian</name>
        <pose>Unspecified</pose>
        <truncated>0</truncated>
        <difficult>0</difficult>
        <bndbox>
            <xmin>3108</xmin>
            <ymin>2654</ymin>
            <xmax>3157</xmax>
            <ymax>2756</ymax>
        </bndbox>
    </object>    <object>
        <name>Pedestrian</name>
        <pose>Unspecified</pose>
        <truncated>0</truncated>
        <difficult>0</difficult>
        <bndbox>
            <xmin>3047</xmin>
            <ymin>2619</ymin>
            <xmax>3108</xmax>
            <ymax>2710</ymax>
        </bndbox>
    </object>    <object>
        <name>Pedestrian</name>
        <pose>Unspecified</pose>
        <truncated>0</truncated>
        <difficult>0</difficult>
        <bndbox>
            <xmin>3062</xmin>
            <ymin>2573</ymin>
            <xmax>3131</xmax>
            <ymax>2675</ymax>
        </bndbox>
    </object>    <object>
        <name>Pedestrian</name>
        <pose>Unspecified</pose>
        <truncated>0</truncated>
        <difficult>0</difficult>
        <bndbox>
            <xmin>3085</xmin>
            <ymin>2462</ymin>
            <xmax>3169</xmax>
            <ymax>2538</ymax>
        </bndbox>
    </object>    <object>
        <name>Pedestrian</name>
        <pose>Unspecified</pose>
        <truncated>0</truncated>
        <difficult>0</difficult>
        <bndbox>
            <xmin>3097</xmin>
            <ymin>2381</ymin>
            <xmax>3169</xmax>
            <ymax>2437</ymax>
        </bndbox>
    </object>    <object>
        <name>Pedestrian</name>
        <pose>Unspecified</pose>
        <truncated>0</truncated>
        <difficult>0</difficult>
        <bndbox>
            <xmin>3104</xmin>
            <ymin>2300</ymin>
            <xmax>3176</xmax>
            <ymax>2366</ymax>
        </bndbox>
    </object>    <object>
        <name>Pedestrian</name>
        <pose>Unspecified</pose>
        <truncated>0</truncated>
        <difficult>0</difficult>
        <bndbox>
            <xmin>3032</xmin>
            <ymin>2290</ymin>
            <xmax>3093</xmax>
            <ymax>2356</ymax>
        </bndbox>
    </object>    <object>
        <name>Pedestrian</name>
        <pose>Unspecified</pose>
        <truncated>0</truncated>
        <difficult>0</difficult>
        <bndbox>
            <xmin>3040</xmin>
            <ymin>2401</ymin>
            <xmax>3089</xmax>
            <ymax>2467</ymax>
        </bndbox>
    </object>    <object>
        <name>Pedestrian</name>
        <pose>Unspecified</pose>
        <truncated>0</truncated>
        <difficult>0</difficult>
        <bndbox>
            <xmin>2983</xmin>
            <ymin>3100</ymin>
            <xmax>3051</xmax>
            <ymax>3161</ymax>
        </bndbox>
    </object>    <object>
        <name>Pedestrian</name>
        <pose>Unspecified</pose>
        <truncated>0</truncated>
        <difficult>0</difficult>
        <bndbox>
            <xmin>2910</xmin>
            <ymin>3268</ymin>
            <xmax>2979</xmax>
            <ymax>3364</ymax>
        </bndbox>
    </object>    <object>
        <name>Pedestrian</name>
        <pose>Unspecified</pose>
        <truncated>0</truncated>
        <difficult>0</difficult>
        <bndbox>
            <xmin>2846</xmin>
            <ymin>3207</ymin>
            <xmax>2903</xmax>
            <ymax>3313</ymax>
        </bndbox>
    </object>    <object>
        <name>Pedestrian</name>
        <pose>Unspecified</pose>
        <truncated>0</truncated>
        <difficult>0</difficult>
        <bndbox>
            <xmin>2838</xmin>
            <ymin>3060</ymin>
            <xmax>2937</xmax>
            <ymax>3146</ymax>
        </bndbox>
    </object>    <object>
        <name>Pedestrian</name>
        <pose>Unspecified</pose>
        <truncated>0</truncated>
        <difficult>0</difficult>
        <bndbox>
            <xmin>2888</xmin>
            <ymin>2984</ymin>
            <xmax>2952</xmax>
            <ymax>3085</ymax>
        </bndbox>
    </object>    <object>
        <name>Pedestrian</name>
        <pose>Unspecified</pose>
        <truncated>0</truncated>
        <difficult>0</difficult>
        <bndbox>
            <xmin>2941</xmin>
            <ymin>2974</ymin>
            <xmax>2994</xmax>
            <ymax>3060</ymax>
        </bndbox>
    </object>    <object>
        <name>Pedestrian</name>
        <pose>Unspecified</pose>
        <truncated>0</truncated>
        <difficult>0</difficult>
        <bndbox>
            <xmin>2929</xmin>
            <ymin>2624</ymin>
            <xmax>3005</xmax>
            <ymax>2710</ymax>
        </bndbox>
    </object>    <object>
        <name>Pedestrian</name>
        <pose>Unspecified</pose>
        <truncated>0</truncated>
        <difficult>0</difficult>
        <bndbox>
            <xmin>3028</xmin>
            <ymin>2857</ymin>
            <xmax>3104</xmax>
            <ymax>2958</ymax>
        </bndbox>
    </object>    <object>
        <name>Pedestrian</name>
        <pose>Unspecified</pose>
        <truncated>0</truncated>
        <difficult>0</difficult>
        <bndbox>
            <xmin>2925</xmin>
            <ymin>2893</ymin>
            <xmax>2998</xmax>
            <ymax>2948</ymax>
        </bndbox>
    </object>    <object>
        <name>Pedestrian</name>
        <pose>Unspecified</pose>
        <truncated>0</truncated>
        <difficult>0</difficult>
        <bndbox>
            <xmin>2910</xmin>
            <ymin>2756</ymin>
            <xmax>2979</xmax>
            <ymax>2842</ymax>
        </bndbox>
    </object>    <object>
        <name>Pedestrian</name>
        <pose>Unspecified</pose>
        <truncated>0</truncated>
        <difficult>0</difficult>
        <bndbox>
            <xmin>2891</xmin>
            <ymin>2107</ymin>
            <xmax>2967</xmax>
            <ymax>2173</ymax>
        </bndbox>
    </object>    <object>
        <name>Pedestrian</name>
        <pose>Unspecified</pose>
        <truncated>0</truncated>
        <difficult>0</difficult>
        <bndbox>
            <xmin>2751</xmin>
            <ymin>2178</ymin>
            <xmax>2812</xmax>
            <ymax>2244</ymax>
        </bndbox>
    </object>    <object>
        <name>Pedestrian</name>
        <pose>Unspecified</pose>
        <truncated>0</truncated>
        <difficult>0</difficult>
        <bndbox>
            <xmin>2758</xmin>
            <ymin>2280</ymin>
            <xmax>2838</xmax>
            <ymax>2361</ymax>
        </bndbox>
    </object>    <object>
        <name>Pedestrian</name>
        <pose>Unspecified</pose>
        <truncated>0</truncated>
        <difficult>0</difficult>
        <bndbox>
            <xmin>2838</xmin>
            <ymin>2528</ymin>
            <xmax>2926</xmax>
            <ymax>2594</ymax>
        </bndbox>
    </object>    <object>
        <name>Pedestrian</name>
        <pose>Unspecified</pose>
        <truncated>0</truncated>
        <difficult>0</difficult>
        <bndbox>
            <xmin>2751</xmin>
            <ymin>2502</ymin>
            <xmax>2846</xmax>
            <ymax>2573</ymax>
        </bndbox>
    </object>    <object>
        <name>Pedestrian</name>
        <pose>Unspecified</pose>
        <truncated>0</truncated>
        <difficult>0</difficult>
        <bndbox>
            <xmin>2679</xmin>
            <ymin>2487</ymin>
            <xmax>2743</xmax>
            <ymax>2553</ymax>
        </bndbox>
    </object>    <object>
        <name>Pedestrian</name>
        <pose>Unspecified</pose>
        <truncated>0</truncated>
        <difficult>0</difficult>
        <bndbox>
            <xmin>2671</xmin>
            <ymin>2533</ymin>
            <xmax>2758</xmax>
            <ymax>2614</ymax>
        </bndbox>
    </object>    <object>
        <name>Pedestrian</name>
        <pose>Unspecified</pose>
        <truncated>0</truncated>
        <difficult>0</difficult>
        <bndbox>
            <xmin>2720</xmin>
            <ymin>2599</ymin>
            <xmax>2770</xmax>
            <ymax>2659</ymax>
        </bndbox>
    </object>    <object>
        <name>Pedestrian</name>
        <pose>Unspecified</pose>
        <truncated>0</truncated>
        <difficult>0</difficult>
        <bndbox>
            <xmin>2792</xmin>
            <ymin>2938</ymin>
            <xmax>2857</xmax>
            <ymax>3024</ymax>
        </bndbox>
    </object>    <object>
        <name>Pedestrian</name>
        <pose>Unspecified</pose>
        <truncated>0</truncated>
        <difficult>0</difficult>
        <bndbox>
            <xmin>2785</xmin>
            <ymin>2882</ymin>
            <xmax>2880</xmax>
            <ymax>2964</ymax>
        </bndbox>
    </object>    <object>
        <name>Pedestrian</name>
        <pose>Unspecified</pose>
        <truncated>0</truncated>
        <difficult>0</difficult>
        <bndbox>
            <xmin>2800</xmin>
            <ymin>2786</ymin>
            <xmax>2853</xmax>
            <ymax>2862</ymax>
        </bndbox>
    </object>    <object>
        <name>Pedestrian</name>
        <pose>Unspecified</pose>
        <truncated>0</truncated>
        <difficult>0</difficult>
        <bndbox>
            <xmin>2773</xmin>
            <ymin>2690</ymin>
            <xmax>2888</xmax>
            <ymax>2771</ymax>
        </bndbox>
    </object>    <object>
        <name>Pedestrian</name>
        <pose>Unspecified</pose>
        <truncated>0</truncated>
        <difficult>0</difficult>
        <bndbox>
            <xmin>2751</xmin>
            <ymin>2736</ymin>
            <xmax>2819</xmax>
            <ymax>2822</ymax>
        </bndbox>
    </object>    <object>
        <name>Pedestrian</name>
        <pose>Unspecified</pose>
        <truncated>0</truncated>
        <difficult>0</difficult>
        <bndbox>
            <xmin>2690</xmin>
            <ymin>2812</ymin>
            <xmax>2747</xmax>
            <ymax>2882</ymax>
        </bndbox>
    </object>    <object>
        <name>Pedestrian</name>
        <pose>Unspecified</pose>
        <truncated>0</truncated>
        <difficult>0</difficult>
        <bndbox>
            <xmin>2728</xmin>
            <ymin>2852</ymin>
            <xmax>2792</xmax>
            <ymax>2933</ymax>
        </bndbox>
    </object>    <object>
        <name>Pedestrian</name>
        <pose>Unspecified</pose>
        <truncated>0</truncated>
        <difficult>0</difficult>
        <bndbox>
            <xmin>2781</xmin>
            <ymin>3156</ymin>
            <xmax>2846</xmax>
            <ymax>3257</ymax>
        </bndbox>
    </object>    <object>
        <name>Pedestrian</name>
        <pose>Unspecified</pose>
        <truncated>0</truncated>
        <difficult>0</difficult>
        <bndbox>
            <xmin>2713</xmin>
            <ymin>3202</ymin>
            <xmax>2766</xmax>
            <ymax>3278</ymax>
        </bndbox>
    </object>    <object>
        <name>Pedestrian</name>
        <pose>Unspecified</pose>
        <truncated>0</truncated>
        <difficult>0</difficult>
        <bndbox>
            <xmin>2629</xmin>
            <ymin>3060</ymin>
            <xmax>2694</xmax>
            <ymax>3141</ymax>
        </bndbox>
    </object>    <object>
        <name>Pedestrian</name>
        <pose>Unspecified</pose>
        <truncated>0</truncated>
        <difficult>0</difficult>
        <bndbox>
            <xmin>2629</xmin>
            <ymin>3156</ymin>
            <xmax>2728</xmax>
            <ymax>3252</ymax>
        </bndbox>
    </object>    <object>
        <name>Pedestrian</name>
        <pose>Unspecified</pose>
        <truncated>0</truncated>
        <difficult>0</difficult>
        <bndbox>
            <xmin>2633</xmin>
            <ymin>3257</ymin>
            <xmax>2709</xmax>
            <ymax>3364</ymax>
        </bndbox>
    </object>    <object>
        <name>Pedestrian</name>
        <pose>Unspecified</pose>
        <truncated>0</truncated>
        <difficult>0</difficult>
        <bndbox>
            <xmin>2720</xmin>
            <ymin>3293</ymin>
            <xmax>2800</xmax>
            <ymax>3404</ymax>
        </bndbox>
    </object>    <object>
        <name>Pedestrian</name>
        <pose>Unspecified</pose>
        <truncated>0</truncated>
        <difficult>0</difficult>
        <bndbox>
            <xmin>2572</xmin>
            <ymin>3197</ymin>
            <xmax>2648</xmax>
            <ymax>3333</ymax>
        </bndbox>
    </object>    <object>
        <name>Pedestrian</name>
        <pose>Unspecified</pose>
        <truncated>0</truncated>
        <difficult>0</difficult>
        <bndbox>
            <xmin>2648</xmin>
            <ymin>2639</ymin>
            <xmax>2720</xmax>
            <ymax>2746</ymax>
        </bndbox>
    </object>    <object>
        <name>Pedestrian</name>
        <pose>Unspecified</pose>
        <truncated>0</truncated>
        <difficult>0</difficult>
        <bndbox>
            <xmin>2606</xmin>
            <ymin>2715</ymin>
            <xmax>2671</xmax>
            <ymax>2786</ymax>
        </bndbox>
    </object>    <object>
        <name>Pedestrian</name>
        <pose>Unspecified</pose>
        <truncated>0</truncated>
        <difficult>0</difficult>
        <bndbox>
            <xmin>2648</xmin>
            <ymin>2371</ymin>
            <xmax>2709</xmax>
            <ymax>2452</ymax>
        </bndbox>
    </object>    <object>
        <name>Pedestrian</name>
        <pose>Unspecified</pose>
        <truncated>0</truncated>
        <difficult>0</difficult>
        <bndbox>
            <xmin>2625</xmin>
            <ymin>2320</ymin>
            <xmax>2671</xmax>
            <ymax>2396</ymax>
        </bndbox>
    </object>    <object>
        <name>Pedestrian</name>
        <pose>Unspecified</pose>
        <truncated>0</truncated>
        <difficult>0</difficult>
        <bndbox>
            <xmin>2561</xmin>
            <ymin>2345</ymin>
            <xmax>2637</xmax>
            <ymax>2416</ymax>
        </bndbox>
    </object>    <object>
        <name>Pedestrian</name>
        <pose>Unspecified</pose>
        <truncated>0</truncated>
        <difficult>0</difficult>
        <bndbox>
            <xmin>2576</xmin>
            <ymin>2442</ymin>
            <xmax>2663</xmax>
            <ymax>2513</ymax>
        </bndbox>
    </object>    <object>
        <name>Pedestrian</name>
        <pose>Unspecified</pose>
        <truncated>0</truncated>
        <difficult>0</difficult>
        <bndbox>
            <xmin>2310</xmin>
            <ymin>2624</ymin>
            <xmax>2367</xmax>
            <ymax>2751</ymax>
        </bndbox>
    </object>    <object>
        <name>Pedestrian</name>
        <pose>Unspecified</pose>
        <truncated>0</truncated>
        <difficult>0</difficult>
        <bndbox>
            <xmin>2245</xmin>
            <ymin>2888</ymin>
            <xmax>2321</xmax>
            <ymax>3014</ymax>
        </bndbox>
    </object>    <object>
        <name>Pedestrian</name>
        <pose>Unspecified</pose>
        <truncated>0</truncated>
        <difficult>0</difficult>
        <bndbox>
            <xmin>2329</xmin>
            <ymin>2158</ymin>
            <xmax>2409</xmax>
            <ymax>2239</ymax>
        </bndbox>
    </object>    <object>
        <name>Pedestrian</name>
        <pose>Unspecified</pose>
        <truncated>0</truncated>
        <difficult>0</difficult>
        <bndbox>
            <xmin>2299</xmin>
            <ymin>2138</ymin>
            <xmax>2356</xmax>
            <ymax>2198</ymax>
        </bndbox>
    </object>    <object>
        <name>Pedestrian</name>
        <pose>Unspecified</pose>
        <truncated>0</truncated>
        <difficult>0</difficult>
        <bndbox>
            <xmin>1960</xmin>
            <ymin>2325</ymin>
            <xmax>2063</xmax>
            <ymax>2437</ymax>
        </bndbox>
    </object>    <object>
        <name>Pedestrian</name>
        <pose>Unspecified</pose>
        <truncated>0</truncated>
        <difficult>0</difficult>
        <bndbox>
            <xmin>1664</xmin>
            <ymin>967</ymin>
            <xmax>1751</xmax>
            <ymax>1048</ymax>
        </bndbox>
    </object>    <object>
        <name>Pedestrian</name>
        <pose>Unspecified</pose>
        <truncated>0</truncated>
        <difficult>0</difficult>
        <bndbox>
            <xmin>1322</xmin>
            <ymin>3273</ymin>
            <xmax>1383</xmax>
            <ymax>3323</ymax>
        </bndbox>
    </object>    <object>
        <name>Pedestrian</name>
        <pose>Unspecified</pose>
        <truncated>0</truncated>
        <difficult>0</difficult>
        <bndbox>
            <xmin>1284</xmin>
            <ymin>2345</ymin>
            <xmax>1390</xmax>
            <ymax>2416</ymax>
        </bndbox>
    </object>    <object>
        <name>Pedestrian</name>
        <pose>Unspecified</pose>
        <truncated>0</truncated>
        <difficult>0</difficult>
        <bndbox>
            <xmin>828</xmin>
            <ymin>1747</ymin>
            <xmax>961</xmax>
            <ymax>1823</ymax>
        </bndbox>
    </object>    <object>
        <name>Pedestrian</name>
        <pose>Unspecified</pose>
        <truncated>0</truncated>
        <difficult>0</difficult>
        <bndbox>
            <xmin>1014</xmin>
            <ymin>1722</ymin>
            <xmax>1113</xmax>
            <ymax>1808</ymax>
        </bndbox>
    </object>    <object>
        <name>Pedestrian</name>
        <pose>Unspecified</pose>
        <truncated>0</truncated>
        <difficult>0</difficult>
        <bndbox>
            <xmin>680</xmin>
            <ymin>1327</ymin>
            <xmax>813</xmax>
            <ymax>1418</ymax>
        </bndbox>
    </object>    <object>
        <name>Pedestrian</name>
        <pose>Unspecified</pose>
        <truncated>0</truncated>
        <difficult>0</difficult>
        <bndbox>
            <xmin>695</xmin>
            <ymin>1205</ymin>
            <xmax>851</xmax>
            <ymax>1297</ymax>
        </bndbox>
    </object>    <object>
        <name>Pedestrian</name>
        <pose>Unspecified</pose>
        <truncated>0</truncated>
        <difficult>0</difficult>
        <bndbox>
            <xmin>987</xmin>
            <ymin>998</ymin>
            <xmax>1071</xmax>
            <ymax>1069</ymax>
        </bndbox>
    </object>    <object>
        <name>Pedestrian</name>
        <pose>Unspecified</pose>
        <truncated>0</truncated>
        <difficult>0</difficult>
        <bndbox>
            <xmin>950</xmin>
            <ymin>1053</ymin>
            <xmax>1026</xmax>
            <ymax>1155</ymax>
        </bndbox>
    </object>    <object>
        <name>Pedestrian</name>
        <pose>Unspecified</pose>
        <truncated>0</truncated>
        <difficult>0</difficult>
        <bndbox>
            <xmin>847</xmin>
            <ymin>982</ymin>
            <xmax>961</xmax>
            <ymax>1109</ymax>
        </bndbox>
    </object>    <object>
        <name>Pedestrian</name>
        <pose>Unspecified</pose>
        <truncated>0</truncated>
        <difficult>0</difficult>
        <bndbox>
            <xmin>733</xmin>
            <ymin>562</ymin>
            <xmax>824</xmax>
            <ymax>658</ymax>
        </bndbox>
    </object>    <object>
        <name>Pedestrian</name>
        <pose>Unspecified</pose>
        <truncated>0</truncated>
        <difficult>0</difficult>
        <bndbox>
            <xmin>722</xmin>
            <ymin>456</ymin>
            <xmax>832</xmax>
            <ymax>567</ymax>
        </bndbox>
    </object>    <object>
        <name>Pedestrian</name>
        <pose>Unspecified</pose>
        <truncated>0</truncated>
        <difficult>0</difficult>
        <bndbox>
            <xmin>3306</xmin>
            <ymin>3372</ymin>
            <xmax>3407</xmax>
            <ymax>3482</ymax>
        </bndbox>
    </object>    <object>
        <name>Pedestrian</name>
        <pose>Unspecified</pose>
        <truncated>0</truncated>
        <difficult>0</difficult>
        <bndbox>
            <xmin>3039</xmin>
            <ymin>3289</ymin>
            <xmax>3104</xmax>
            <ymax>3390</ymax>
        </bndbox>
    </object>    <object>
        <name>Pedestrian</name>
        <pose>Unspecified</pose>
        <truncated>0</truncated>
        <difficult>0</difficult>
        <bndbox>
            <xmin>3086</xmin>
            <ymin>3271</ymin>
            <xmax>3136</xmax>
            <ymax>3345</ymax>
        </bndbox>
    </object>    <object>
        <name>Pedestrian</name>
        <pose>Unspecified</pose>
        <truncated>0</truncated>
        <difficult>0</difficult>
        <bndbox>
            <xmin>2969</xmin>
            <ymin>3190</ymin>
            <xmax>3042</xmax>
            <ymax>3262</ymax>
        </bndbox>
    </object>    <object>
        <name>Pedestrian</name>
        <pose>Unspecified</pose>
        <truncated>0</truncated>
        <difficult>0</difficult>
        <bndbox>
            <xmin>3089</xmin>
            <ymin>3080</ymin>
            <xmax>3169</xmax>
            <ymax>3196</ymax>
        </bndbox>
    </object>    <object>
        <name>Pedestrian</name>
        <pose>Unspecified</pose>
        <truncated>0</truncated>
        <difficult>0</difficult>
        <bndbox>
            <xmin>2918</xmin>
            <ymin>3253</ymin>
            <xmax>2973</xmax>
            <ymax>3362</ymax>
        </bndbox>
    </object>    <object>
        <name>Pedestrian</name>
        <pose>Unspecified</pose>
        <truncated>0</truncated>
        <difficult>0</difficult>
        <bndbox>
            <xmin>2851</xmin>
            <ymin>3211</ymin>
            <xmax>2917</xmax>
            <ymax>3304</ymax>
        </bndbox>
    </object>    <object>
        <name>Pedestrian</name>
        <pose>Unspecified</pose>
        <truncated>0</truncated>
        <difficult>0</difficult>
        <bndbox>
            <xmin>2998</xmin>
            <ymin>3124</ymin>
            <xmax>3036</xmax>
            <ymax>3178</ymax>
        </bndbox>
    </object>    <object>
        <name>Pedestrian</name>
        <pose>Unspecified</pose>
        <truncated>0</truncated>
        <difficult>0</difficult>
        <bndbox>
            <xmin>3003</xmin>
            <ymin>3048</ymin>
            <xmax>3069</xmax>
            <ymax>3126</ymax>
        </bndbox>
    </object>    <object>
        <name>Pedestrian</name>
        <pose>Unspecified</pose>
        <truncated>0</truncated>
        <difficult>0</difficult>
        <bndbox>
            <xmin>2939</xmin>
            <ymin>3120</ymin>
            <xmax>2988</xmax>
            <ymax>3171</ymax>
        </bndbox>
    </object>    <object>
        <name>Pedestrian</name>
        <pose>Unspecified</pose>
        <truncated>0</truncated>
        <difficult>0</difficult>
        <bndbox>
            <xmin>2859</xmin>
            <ymin>3055</ymin>
            <xmax>2925</xmax>
            <ymax>3137</ymax>
        </bndbox>
    </object>    <object>
        <name>Pedestrian</name>
        <pose>Unspecified</pose>
        <truncated>0</truncated>
        <difficult>0</difficult>
        <bndbox>
            <xmin>2881</xmin>
            <ymin>2990</ymin>
            <xmax>2948</xmax>
            <ymax>3082</ymax>
        </bndbox>
    </object>    <object>
        <name>Pedestrian</name>
        <pose>Unspecified</pose>
        <truncated>0</truncated>
        <difficult>0</difficult>
        <bndbox>
            <xmin>2776</xmin>
            <ymin>3175</ymin>
            <xmax>2832</xmax>
            <ymax>3275</ymax>
        </bndbox>
    </object>    <object>
        <name>Pedestrian</name>
        <pose>Unspecified</pose>
        <truncated>0</truncated>
        <difficult>0</difficult>
        <bndbox>
            <xmin>2721</xmin>
            <ymin>3206</ymin>
            <xmax>2758</xmax>
            <ymax>3285</ymax>
        </bndbox>
    </object>    <object>
        <name>Pedestrian</name>
        <pose>Unspecified</pose>
        <truncated>0</truncated>
        <difficult>0</difficult>
        <bndbox>
            <xmin>3382</xmin>
            <ymin>3190</ymin>
            <xmax>3436</xmax>
            <ymax>3258</ymax>
        </bndbox>
    </object>    <object>
        <name>Pedestrian</name>
        <pose>Unspecified</pose>
        <truncated>0</truncated>
        <difficult>0</difficult>
        <bndbox>
            <xmin>3320</xmin>
            <ymin>3157</ymin>
            <xmax>3383</xmax>
            <ymax>3235</ymax>
        </bndbox>
    </object>    <object>
        <name>Pedestrian</name>
        <pose>Unspecified</pose>
        <truncated>0</truncated>
        <difficult>0</difficult>
        <bndbox>
            <xmin>4718</xmin>
            <ymin>3470</ymin>
            <xmax>4848</xmax>
            <ymax>3571</ymax>
        </bndbox>
    </object>    <object>
        <name>Pedestrian</name>
        <pose>Unspecified</pose>
        <truncated>0</truncated>
        <difficult>0</difficult>
        <bndbox>
            <xmin>4185</xmin>
            <ymin>3080</ymin>
            <xmax>4294</xmax>
            <ymax>3185</ymax>
        </bndbox>
    </object>    <object>
        <name>Pedestrian</name>
        <pose>Unspecified</pose>
        <truncated>0</truncated>
        <difficult>0</difficult>
        <bndbox>
            <xmin>4232</xmin>
            <ymin>3038</ymin>
            <xmax>4281</xmax>
            <ymax>3102</ymax>
        </bndbox>
    </object>    <object>
        <name>Pedestrian</name>
        <pose>Unspecified</pose>
        <truncated>0</truncated>
        <difficult>0</difficult>
        <bndbox>
            <xmin>2407</xmin>
            <ymin>2921</ymin>
            <xmax>2452</xmax>
            <ymax>3000</ymax>
        </bndbox>
    </object>    <object>
        <name>Pedestrian</name>
        <pose>Unspecified</pose>
        <truncated>0</truncated>
        <difficult>0</difficult>
        <bndbox>
            <xmin>3648</xmin>
            <ymin>2979</ymin>
            <xmax>3720</xmax>
            <ymax>3064</ymax>
        </bndbox>
    </object>    <object>
        <name>Pedestrian</name>
        <pose>Unspecified</pose>
        <truncated>0</truncated>
        <difficult>0</difficult>
        <bndbox>
            <xmin>3595</xmin>
            <ymin>2890</ymin>
            <xmax>3675</xmax>
            <ymax>2979</ymax>
        </bndbox>
    </object>    <object>
        <name>Pedestrian</name>
        <pose>Unspecified</pose>
        <truncated>0</truncated>
        <difficult>0</difficult>
        <bndbox>
            <xmin>4540</xmin>
            <ymin>2527</ymin>
            <xmax>4658</xmax>
            <ymax>2592</ymax>
        </bndbox>
    </object>    <object>
        <name>Pedestrian</name>
        <pose>Unspecified</pose>
        <truncated>0</truncated>
        <difficult>0</difficult>
        <bndbox>
            <xmin>4604</xmin>
            <ymin>2551</ymin>
            <xmax>4720</xmax>
            <ymax>2603</ymax>
        </bndbox>
    </object>    <object>
        <name>Pedestrian</name>
        <pose>Unspecified</pose>
        <truncated>0</truncated>
        <difficult>0</difficult>
        <bndbox>
            <xmin>4643</xmin>
            <ymin>2098</ymin>
            <xmax>4737</xmax>
            <ymax>2155</ymax>
        </bndbox>
    </object>    <object>
        <name>Pedestrian</name>
        <pose>Unspecified</pose>
        <truncated>0</truncated>
        <difficult>0</difficult>
        <bndbox>
            <xmin>4685</xmin>
            <ymin>2037</ymin>
            <xmax>4832</xmax>
            <ymax>2100</ymax>
        </bndbox>
    </object>    <object>
        <name>Pedestrian</name>
        <pose>Unspecified</pose>
        <truncated>0</truncated>
        <difficult>0</difficult>
        <bndbox>
            <xmin>4777</xmin>
            <ymin>1854</ymin>
            <xmax>4864</xmax>
            <ymax>1927</ymax>
        </bndbox>
    </object>    <object>
        <name>Pedestrian</name>
        <pose>Unspecified</pose>
        <truncated>0</truncated>
        <difficult>0</difficult>
        <bndbox>
            <xmin>4613</xmin>
            <ymin>1383</ymin>
            <xmax>4696</xmax>
            <ymax>1437</ymax>
        </bndbox>
    </object>    <object>
        <name>Pedestrian</name>
        <pose>Unspecified</pose>
        <truncated>0</truncated>
        <difficult>0</difficult>
        <bndbox>
            <xmin>4145</xmin>
            <ymin>158</ymin>
            <xmax>4237</xmax>
            <ymax>282</ymax>
        </bndbox>
    </object>    <object>
        <name>Pedestrian</name>
        <pose>Unspecified</pose>
        <truncated>0</truncated>
        <difficult>0</difficult>
        <bndbox>
            <xmin>4199</xmin>
            <ymin>156</ymin>
            <xmax>4288</xmax>
            <ymax>269</ymax>
        </bndbox>
    </object>    <object>
        <name>Pedestrian</name>
        <pose>Unspecified</pose>
        <truncated>0</truncated>
        <difficult>0</difficult>
        <bndbox>
            <xmin>3975</xmin>
            <ymin>260</ymin>
            <xmax>4067</xmax>
            <ymax>373</ymax>
        </bndbox>
    </object>    <object>
        <name>Pedestrian</name>
        <pose>Unspecified</pose>
        <truncated>0</truncated>
        <difficult>0</difficult>
        <bndbox>
            <xmin>3823</xmin>
            <ymin>1033</ymin>
            <xmax>3933</xmax>
            <ymax>1102</ymax>
        </bndbox>
    </object>    <object>
        <name>Pedestrian</name>
        <pose>Unspecified</pose>
        <truncated>0</truncated>
        <difficult>0</difficult>
        <bndbox>
            <xmin>4017</xmin>
            <ymin>2520</ymin>
            <xmax>4118</xmax>
            <ymax>2587</ymax>
        </bndbox>
    </object>    <object>
        <name>Pedestrian</name>
        <pose>Unspecified</pose>
        <truncated>0</truncated>
        <difficult>0</difficult>
        <bndbox>
            <xmin>3694</xmin>
            <ymin>2725</ymin>
            <xmax>3789</xmax>
            <ymax>2790</ymax>
        </bndbox>
    </object>    <object>
        <name>Pedestrian</name>
        <pose>Unspecified</pose>
        <truncated>0</truncated>
        <difficult>0</difficult>
        <bndbox>
            <xmin>3525</xmin>
            <ymin>2629</ymin>
            <xmax>3609</xmax>
            <ymax>2704</ymax>
        </bndbox>
    </object>    <object>
        <name>Pedestrian</name>
        <pose>Unspecified</pose>
        <truncated>0</truncated>
        <difficult>0</difficult>
        <bndbox>
            <xmin>3648</xmin>
            <ymin>2532</ymin>
            <xmax>3725</xmax>
            <ymax>2594</ymax>
        </bndbox>
    </object>    <object>
        <name>Pedestrian</name>
        <pose>Unspecified</pose>
        <truncated>0</truncated>
        <difficult>0</difficult>
        <bndbox>
            <xmin>3730</xmin>
            <ymin>2586</ymin>
            <xmax>3809</xmax>
            <ymax>2654</ymax>
        </bndbox>
    </object>    <object>
        <name>Pedestrian</name>
        <pose>Unspecified</pose>
        <truncated>0</truncated>
        <difficult>0</difficult>
        <bndbox>
            <xmin>3700</xmin>
            <ymin>2476</ymin>
            <xmax>3801</xmax>
            <ymax>2546</ymax>
        </bndbox>
    </object>    <object>
        <name>Pedestrian</name>
        <pose>Unspecified</pose>
        <truncated>0</truncated>
        <difficult>0</difficult>
        <bndbox>
            <xmin>3711</xmin>
            <ymin>2529</ymin>
            <xmax>3793</xmax>
            <ymax>2594</ymax>
        </bndbox>
    </object>    <object>
        <name>Pedestrian</name>
        <pose>Unspecified</pose>
        <truncated>0</truncated>
        <difficult>0</difficult>
        <bndbox>
            <xmin>3637</xmin>
            <ymin>2231</ymin>
            <xmax>3730</xmax>
            <ymax>2301</ymax>
        </bndbox>
    </object>    <object>
        <name>Pedestrian</name>
        <pose>Unspecified</pose>
        <truncated>0</truncated>
        <difficult>0</difficult>
        <bndbox>
            <xmin>3677</xmin>
            <ymin>2201</ymin>
            <xmax>3755</xmax>
            <ymax>2276</ymax>
        </bndbox>
    </object>    <object>
        <name>Pedestrian</name>
        <pose>Unspecified</pose>
        <truncated>0</truncated>
        <difficult>0</difficult>
        <bndbox>
            <xmin>3695</xmin>
            <ymin>2290</ymin>
            <xmax>3782</xmax>
            <ymax>2340</ymax>
        </bndbox>
    </object>    <object>
        <name>Pedestrian</name>
        <pose>Unspecified</pose>
        <truncated>0</truncated>
        <difficult>0</difficult>
        <bndbox>
            <xmin>3534</xmin>
            <ymin>1522</ymin>
            <xmax>3629</xmax>
            <ymax>1568</ymax>
        </bndbox>
    </object>    <object>
        <name>Pedestrian</name>
        <pose>Unspecified</pose>
        <truncated>0</truncated>
        <difficult>0</difficult>
        <bndbox>
            <xmin>3456</xmin>
            <ymin>1412</ymin>
            <xmax>3566</xmax>
            <ymax>1476</ymax>
        </bndbox>
    </object>    <object>
        <name>Pedestrian</name>
        <pose>Unspecified</pose>
        <truncated>0</truncated>
        <difficult>0</difficult>
        <bndbox>
            <xmin>3542</xmin>
            <ymin>1400</ymin>
            <xmax>3612</xmax>
            <ymax>1475</ymax>
        </bndbox>
    </object>    <object>
        <name>Pedestrian</name>
        <pose>Unspecified</pose>
        <truncated>0</truncated>
        <difficult>0</difficult>
        <bndbox>
            <xmin>3468</xmin>
            <ymin>1497</ymin>
            <xmax>3545</xmax>
            <ymax>1543</ymax>
        </bndbox>
    </object>    <object>
        <name>Pedestrian</name>
        <pose>Unspecified</pose>
        <truncated>0</truncated>
        <difficult>0</difficult>
        <bndbox>
            <xmin>3518</xmin>
            <ymin>1018</ymin>
            <xmax>3607</xmax>
            <ymax>1098</ymax>
        </bndbox>
    </object>    <object>
        <name>Pedestrian</name>
        <pose>Unspecified</pose>
        <truncated>0</truncated>
        <difficult>0</difficult>
        <bndbox>
            <xmin>3432</xmin>
            <ymin>844</ymin>
            <xmax>3531</xmax>
            <ymax>933</ymax>
        </bndbox>
    </object>    <object>
        <name>Pedestrian</name>
        <pose>Unspecified</pose>
        <truncated>0</truncated>
        <difficult>0</difficult>
        <bndbox>
            <xmin>3541</xmin>
            <ymin>488</ymin>
            <xmax>3628</xmax>
            <ymax>574</ymax>
        </bndbox>
    </object>    <object>
        <name>Pedestrian</name>
        <pose>Unspecified</pose>
        <truncated>0</truncated>
        <difficult>0</difficult>
        <bndbox>
            <xmin>3213</xmin>
            <ymin>444</ymin>
            <xmax>3277</xmax>
            <ymax>532</ymax>
        </bndbox>
    </object>    <object>
        <name>Pedestrian</name>
        <pose>Unspecified</pose>
        <truncated>0</truncated>
        <difficult>0</difficult>
        <bndbox>
            <xmin>3240</xmin>
            <ymin>390</ymin>
            <xmax>3312</xmax>
            <ymax>462</ymax>
        </bndbox>
    </object>    <object>
        <name>Pedestrian</name>
        <pose>Unspecified</pose>
        <truncated>0</truncated>
        <difficult>0</difficult>
        <bndbox>
            <xmin>3035</xmin>
            <ymin>1075</ymin>
            <xmax>3093</xmax>
            <ymax>1141</ymax>
        </bndbox>
    </object>    <object>
        <name>Pedestrian</name>
        <pose>Unspecified</pose>
        <truncated>0</truncated>
        <difficult>0</difficult>
        <bndbox>
            <xmin>3077</xmin>
            <ymin>1056</ymin>
            <xmax>3148</xmax>
            <ymax>1128</ymax>
        </bndbox>
    </object>    <object>
        <name>Pedestrian</name>
        <pose>Unspecified</pose>
        <truncated>0</truncated>
        <difficult>0</difficult>
        <bndbox>
            <xmin>3180</xmin>
            <ymin>1959</ymin>
            <xmax>3238</xmax>
            <ymax>2010</ymax>
        </bndbox>
    </object>    <object>
        <name>Pedestrian</name>
        <pose>Unspecified</pose>
        <truncated>0</truncated>
        <difficult>0</difficult>
        <bndbox>
            <xmin>3316</xmin>
            <ymin>1862</ymin>
            <xmax>3397</xmax>
            <ymax>1915</ymax>
        </bndbox>
    </object>    <object>
        <name>Pedestrian</name>
        <pose>Unspecified</pose>
        <truncated>0</truncated>
        <difficult>0</difficult>
        <bndbox>
            <xmin>3241</xmin>
            <ymin>2411</ymin>
            <xmax>3323</xmax>
            <ymax>2474</ymax>
        </bndbox>
    </object>    <object>
        <name>Pedestrian</name>
        <pose>Unspecified</pose>
        <truncated>0</truncated>
        <difficult>0</difficult>
        <bndbox>
            <xmin>3268</xmin>
            <ymin>2331</ymin>
            <xmax>3368</xmax>
            <ymax>2396</ymax>
        </bndbox>
    </object>    <object>
        <name>Pedestrian</name>
        <pose>Unspecified</pose>
        <truncated>0</truncated>
        <difficult>0</difficult>
        <bndbox>
            <xmin>3106</xmin>
            <ymin>2390</ymin>
            <xmax>3163</xmax>
            <ymax>2445</ymax>
        </bndbox>
    </object>    <object>
        <name>Pedestrian</name>
        <pose>Unspecified</pose>
        <truncated>0</truncated>
        <difficult>0</difficult>
        <bndbox>
            <xmin>2949</xmin>
            <ymin>2348</ymin>
            <xmax>3009</xmax>
            <ymax>2403</ymax>
        </bndbox>
    </object>    <object>
        <name>Pedestrian</name>
        <pose>Unspecified</pose>
        <truncated>0</truncated>
        <difficult>0</difficult>
        <bndbox>
            <xmin>3037</xmin>
            <ymin>2301</ymin>
            <xmax>3098</xmax>
            <ymax>2369</ymax>
        </bndbox>
    </object>    <object>
        <name>Pedestrian</name>
        <pose>Unspecified</pose>
        <truncated>0</truncated>
        <difficult>0</difficult>
        <bndbox>
            <xmin>3042</xmin>
            <ymin>2391</ymin>
            <xmax>3100</xmax>
            <ymax>2448</ymax>
        </bndbox>
    </object>    <object>
        <name>Pedestrian</name>
        <pose>Unspecified</pose>
        <truncated>0</truncated>
        <difficult>0</difficult>
        <bndbox>
            <xmin>3059</xmin>
            <ymin>2579</ymin>
            <xmax>3140</xmax>
            <ymax>2657</ymax>
        </bndbox>
    </object>    <object>
        <name>Pedestrian</name>
        <pose>Unspecified</pose>
        <truncated>0</truncated>
        <difficult>0</difficult>
        <bndbox>
            <xmin>2932</xmin>
            <ymin>2618</ymin>
            <xmax>3002</xmax>
            <ymax>2687</ymax>
        </bndbox>
    </object>    <object>
        <name>Pedestrian</name>
        <pose>Unspecified</pose>
        <truncated>0</truncated>
        <difficult>0</difficult>
        <bndbox>
            <xmin>3148</xmin>
            <ymin>2606</ymin>
            <xmax>3210</xmax>
            <ymax>2688</ymax>
        </bndbox>
    </object>    <object>
        <name>Pedestrian</name>
        <pose>Unspecified</pose>
        <truncated>0</truncated>
        <difficult>0</difficult>
        <bndbox>
            <xmin>3098</xmin>
            <ymin>2671</ymin>
            <xmax>3166</xmax>
            <ymax>2740</ymax>
        </bndbox>
    </object>    <object>
        <name>Pedestrian</name>
        <pose>Unspecified</pose>
        <truncated>0</truncated>
        <difficult>0</difficult>
        <bndbox>
            <xmin>2943</xmin>
            <ymin>2552</ymin>
            <xmax>2998</xmax>
            <ymax>2625</ymax>
        </bndbox>
    </object>    <object>
        <name>Pedestrian</name>
        <pose>Unspecified</pose>
        <truncated>0</truncated>
        <difficult>0</difficult>
        <bndbox>
            <xmin>3311</xmin>
            <ymin>2766</ymin>
            <xmax>3357</xmax>
            <ymax>2810</ymax>
        </bndbox>
    </object>    <object>
        <name>Pedestrian</name>
        <pose>Unspecified</pose>
        <truncated>0</truncated>
        <difficult>0</difficult>
        <bndbox>
            <xmin>3320</xmin>
            <ymin>2826</ymin>
            <xmax>3392</xmax>
            <ymax>2900</ymax>
        </bndbox>
    </object>    <object>
        <name>Pedestrian</name>
        <pose>Unspecified</pose>
        <truncated>0</truncated>
        <difficult>0</difficult>
        <bndbox>
            <xmin>3219</xmin>
            <ymin>2867</ymin>
            <xmax>3283</xmax>
            <ymax>2931</ymax>
        </bndbox>
    </object>    <object>
        <name>Pedestrian</name>
        <pose>Unspecified</pose>
        <truncated>0</truncated>
        <difficult>0</difficult>
        <bndbox>
            <xmin>2931</xmin>
            <ymin>2887</ymin>
            <xmax>2987</xmax>
            <ymax>2940</ymax>
        </bndbox>
    </object>    <object>
        <name>Pedestrian</name>
        <pose>Unspecified</pose>
        <truncated>0</truncated>
        <difficult>0</difficult>
        <bndbox>
            <xmin>2897</xmin>
            <ymin>2847</ymin>
            <xmax>2953</xmax>
            <ymax>2894</ymax>
        </bndbox>
    </object>    <object>
        <name>Pedestrian</name>
        <pose>Unspecified</pose>
        <truncated>0</truncated>
        <difficult>0</difficult>
        <bndbox>
            <xmin>2899</xmin>
            <ymin>2769</ymin>
            <xmax>2980</xmax>
            <ymax>2832</ymax>
        </bndbox>
    </object>    <object>
        <name>Pedestrian</name>
        <pose>Unspecified</pose>
        <truncated>0</truncated>
        <difficult>0</difficult>
        <bndbox>
            <xmin>3006</xmin>
            <ymin>2837</ymin>
            <xmax>3065</xmax>
            <ymax>2927</ymax>
        </bndbox>
    </object>    <object>
        <name>Pedestrian</name>
        <pose>Unspecified</pose>
        <truncated>0</truncated>
        <difficult>0</difficult>
        <bndbox>
            <xmin>2636</xmin>
            <ymin>3075</ymin>
            <xmax>2693</xmax>
            <ymax>3165</ymax>
        </bndbox>
    </object>    <object>
        <name>Pedestrian</name>
        <pose>Unspecified</pose>
        <truncated>0</truncated>
        <difficult>0</difficult>
        <bndbox>
            <xmin>2770</xmin>
            <ymin>2690</ymin>
            <xmax>2826</xmax>
            <ymax>2757</ymax>
        </bndbox>
    </object>    <object>
        <name>Pedestrian</name>
        <pose>Unspecified</pose>
        <truncated>0</truncated>
        <difficult>0</difficult>
        <bndbox>
            <xmin>2760</xmin>
            <ymin>2743</ymin>
            <xmax>2820</xmax>
            <ymax>2823</ymax>
        </bndbox>
    </object>    <object>
        <name>Pedestrian</name>
        <pose>Unspecified</pose>
        <truncated>0</truncated>
        <difficult>0</difficult>
        <bndbox>
            <xmin>2821</xmin>
            <ymin>2782</ymin>
            <xmax>2862</xmax>
            <ymax>2853</ymax>
        </bndbox>
    </object>    <object>
        <name>Pedestrian</name>
        <pose>Unspecified</pose>
        <truncated>0</truncated>
        <difficult>0</difficult>
        <bndbox>
            <xmin>2814</xmin>
            <ymin>2621</ymin>
            <xmax>2865</xmax>
            <ymax>2679</ymax>
        </bndbox>
    </object>    <object>
        <name>Pedestrian</name>
        <pose>Unspecified</pose>
        <truncated>0</truncated>
        <difficult>0</difficult>
        <bndbox>
            <xmin>2830</xmin>
            <ymin>2524</ymin>
            <xmax>2902</xmax>
            <ymax>2601</ymax>
        </bndbox>
    </object>    <object>
        <name>Pedestrian</name>
        <pose>Unspecified</pose>
        <truncated>0</truncated>
        <difficult>0</difficult>
        <bndbox>
            <xmin>2820</xmin>
            <ymin>2440</ymin>
            <xmax>2865</xmax>
            <ymax>2492</ymax>
        </bndbox>
    </object>    <object>
        <name>Pedestrian</name>
        <pose>Unspecified</pose>
        <truncated>0</truncated>
        <difficult>0</difficult>
        <bndbox>
            <xmin>2593</xmin>
            <ymin>2421</ymin>
            <xmax>2658</xmax>
            <ymax>2487</ymax>
        </bndbox>
    </object>    <object>
        <name>Pedestrian</name>
        <pose>Unspecified</pose>
        <truncated>0</truncated>
        <difficult>0</difficult>
        <bndbox>
            <xmin>2582</xmin>
            <ymin>2346</ymin>
            <xmax>2640</xmax>
            <ymax>2412</ymax>
        </bndbox>
    </object>    <object>
        <name>Pedestrian</name>
        <pose>Unspecified</pose>
        <truncated>0</truncated>
        <difficult>0</difficult>
        <bndbox>
            <xmin>2668</xmin>
            <ymin>2375</ymin>
            <xmax>2710</xmax>
            <ymax>2434</ymax>
        </bndbox>
    </object>    <object>
        <name>Pedestrian</name>
        <pose>Unspecified</pose>
        <truncated>0</truncated>
        <difficult>0</difficult>
        <bndbox>
            <xmin>2632</xmin>
            <ymin>2333</ymin>
            <xmax>2679</xmax>
            <ymax>2373</ymax>
        </bndbox>
    </object>    <object>
        <name>Pedestrian</name>
        <pose>Unspecified</pose>
        <truncated>0</truncated>
        <difficult>0</difficult>
        <bndbox>
            <xmin>2725</xmin>
            <ymin>2256</ymin>
            <xmax>2800</xmax>
            <ymax>2297</ymax>
        </bndbox>
    </object>    <object>
        <name>Pedestrian</name>
        <pose>Unspecified</pose>
        <truncated>0</truncated>
        <difficult>0</difficult>
        <bndbox>
            <xmin>2812</xmin>
            <ymin>2204</ymin>
            <xmax>2887</xmax>
            <ymax>2266</ymax>
        </bndbox>
    </object>    <object>
        <name>Pedestrian</name>
        <pose>Unspecified</pose>
        <truncated>0</truncated>
        <difficult>0</difficult>
        <bndbox>
            <xmin>2739</xmin>
            <ymin>2185</ymin>
            <xmax>2813</xmax>
            <ymax>2245</ymax>
        </bndbox>
    </object>    <object>
        <name>Pedestrian</name>
        <pose>Unspecified</pose>
        <truncated>0</truncated>
        <difficult>0</difficult>
        <bndbox>
            <xmin>2580</xmin>
            <ymin>2072</ymin>
            <xmax>2650</xmax>
            <ymax>2123</ymax>
        </bndbox>
    </object>    <object>
        <name>Pedestrian</name>
        <pose>Unspecified</pose>
        <truncated>0</truncated>
        <difficult>0</difficult>
        <bndbox>
            <xmin>2902</xmin>
            <ymin>2098</ymin>
            <xmax>2955</xmax>
            <ymax>2154</ymax>
        </bndbox>
    </object>    <object>
        <name>Pedestrian</name>
        <pose>Unspecified</pose>
        <truncated>0</truncated>
        <difficult>0</difficult>
        <bndbox>
            <xmin>2912</xmin>
            <ymin>2054</ymin>
            <xmax>2993</xmax>
            <ymax>2100</ymax>
        </bndbox>
    </object>    <object>
        <name>Pedestrian</name>
        <pose>Unspecified</pose>
        <truncated>0</truncated>
        <difficult>0</difficult>
        <bndbox>
            <xmin>2420</xmin>
            <ymin>2048</ymin>
            <xmax>2482</xmax>
            <ymax>2117</ymax>
        </bndbox>
    </object>    <object>
        <name>Pedestrian</name>
        <pose>Unspecified</pose>
        <truncated>0</truncated>
        <difficult>0</difficult>
        <bndbox>
            <xmin>2870</xmin>
            <ymin>1458</ymin>
            <xmax>2936</xmax>
            <ymax>1515</ymax>
        </bndbox>
    </object>    <object>
        <name>Pedestrian</name>
        <pose>Unspecified</pose>
        <truncated>0</truncated>
        <difficult>0</difficult>
        <bndbox>
            <xmin>2934</xmin>
            <ymin>1328</ymin>
            <xmax>2985</xmax>
            <ymax>1387</ymax>
        </bndbox>
    </object>    <object>
        <name>Pedestrian</name>
        <pose>Unspecified</pose>
        <truncated>0</truncated>
        <difficult>0</difficult>
        <bndbox>
            <xmin>2429</xmin>
            <ymin>1190</ymin>
            <xmax>2505</xmax>
            <ymax>1286</ymax>
        </bndbox>
    </object>    <object>
        <name>Pedestrian</name>
        <pose>Unspecified</pose>
        <truncated>0</truncated>
        <difficult>0</difficult>
        <bndbox>
            <xmin>2409</xmin>
            <ymin>1284</ymin>
            <xmax>2462</xmax>
            <ymax>1339</ymax>
        </bndbox>
    </object>    <object>
        <name>Pedestrian</name>
        <pose>Unspecified</pose>
        <truncated>0</truncated>
        <difficult>0</difficult>
        <bndbox>
            <xmin>2870</xmin>
            <ymin>1385</ymin>
            <xmax>2933</xmax>
            <ymax>1448</ymax>
        </bndbox>
    </object>    <object>
        <name>Pedestrian</name>
        <pose>Unspecified</pose>
        <truncated>0</truncated>
        <difficult>0</difficult>
        <bndbox>
            <xmin>2701</xmin>
            <ymin>794</ymin>
            <xmax>2761</xmax>
            <ymax>881</ymax>
        </bndbox>
    </object>    <object>
        <name>Pedestrian</name>
        <pose>Unspecified</pose>
        <truncated>0</truncated>
        <difficult>0</difficult>
        <bndbox>
            <xmin>2719</xmin>
            <ymin>729</ymin>
            <xmax>2783</xmax>
            <ymax>837</ymax>
        </bndbox>
    </object>    <object>
        <name>Pedestrian</name>
        <pose>Unspecified</pose>
        <truncated>0</truncated>
        <difficult>0</difficult>
        <bndbox>
            <xmin>2946</xmin>
            <ymin>620</ymin>
            <xmax>3022</xmax>
            <ymax>697</ymax>
        </bndbox>
    </object>    <object>
        <name>Pedestrian</name>
        <pose>Unspecified</pose>
        <truncated>0</truncated>
        <difficult>0</difficult>
        <bndbox>
            <xmin>2827</xmin>
            <ymin>109</ymin>
            <xmax>2896</xmax>
            <ymax>220</ymax>
        </bndbox>
    </object>    <object>
        <name>Pedestrian</name>
        <pose>Unspecified</pose>
        <truncated>0</truncated>
        <difficult>0</difficult>
        <bndbox>
            <xmin>2901</xmin>
            <ymin>150</ymin>
            <xmax>2958</xmax>
            <ymax>256</ymax>
        </bndbox>
    </object>    <object>
        <name>Pedestrian</name>
        <pose>Unspecified</pose>
        <truncated>0</truncated>
        <difficult>0</difficult>
        <bndbox>
            <xmin>2950</xmin>
            <ymin>103</ymin>
            <xmax>3006</xmax>
            <ymax>196</ymax>
        </bndbox>
    </object>    <object>
        <name>Pedestrian</name>
        <pose>Unspecified</pose>
        <truncated>0</truncated>
        <difficult>0</difficult>
        <bndbox>
            <xmin>2282</xmin>
            <ymin>645</ymin>
            <xmax>2359</xmax>
            <ymax>723</ymax>
        </bndbox>
    </object>    <object>
        <name>Pedestrian</name>
        <pose>Unspecified</pose>
        <truncated>0</truncated>
        <difficult>0</difficult>
        <bndbox>
            <xmin>2289</xmin>
            <ymin>745</ymin>
            <xmax>2344</xmax>
            <ymax>822</ymax>
        </bndbox>
    </object>    <object>
        <name>Pedestrian</name>
        <pose>Unspecified</pose>
        <truncated>0</truncated>
        <difficult>0</difficult>
        <bndbox>
            <xmin>2353</xmin>
            <ymin>1213</ymin>
            <xmax>2409</xmax>
            <ymax>1286</ymax>
        </bndbox>
    </object>    <object>
        <name>Pedestrian</name>
        <pose>Unspecified</pose>
        <truncated>0</truncated>
        <difficult>0</difficult>
        <bndbox>
            <xmin>2332</xmin>
            <ymin>2162</ymin>
            <xmax>2412</xmax>
            <ymax>2212</ymax>
        </bndbox>
    </object>    <object>
        <name>Pedestrian</name>
        <pose>Unspecified</pose>
        <truncated>0</truncated>
        <difficult>0</difficult>
        <bndbox>
            <xmin>2240</xmin>
            <ymin>2147</ymin>
            <xmax>2287</xmax>
            <ymax>2211</ymax>
        </bndbox>
    </object>    <object>
        <name>Pedestrian</name>
        <pose>Unspecified</pose>
        <truncated>0</truncated>
        <difficult>0</difficult>
        <bndbox>
            <xmin>2312</xmin>
            <ymin>2660</ymin>
            <xmax>2368</xmax>
            <ymax>2734</ymax>
        </bndbox>
    </object>    <object>
        <name>Pedestrian</name>
        <pose>Unspecified</pose>
        <truncated>0</truncated>
        <difficult>0</difficult>
        <bndbox>
            <xmin>2266</xmin>
            <ymin>2679</ymin>
            <xmax>2328</xmax>
            <ymax>2776</ymax>
        </bndbox>
    </object>    <object>
        <name>Pedestrian</name>
        <pose>Unspecified</pose>
        <truncated>0</truncated>
        <difficult>0</difficult>
        <bndbox>
            <xmin>2193</xmin>
            <ymin>2763</ymin>
            <xmax>2236</xmax>
            <ymax>2834</ymax>
        </bndbox>
    </object>    <object>
        <name>Pedestrian</name>
        <pose>Unspecified</pose>
        <truncated>0</truncated>
        <difficult>0</difficult>
        <bndbox>
            <xmin>2326</xmin>
            <ymin>2912</ymin>
            <xmax>2375</xmax>
            <ymax>2980</ymax>
        </bndbox>
    </object>    <object>
        <name>Pedestrian</name>
        <pose>Unspecified</pose>
        <truncated>0</truncated>
        <difficult>0</difficult>
        <bndbox>
            <xmin>2257</xmin>
            <ymin>2904</ymin>
            <xmax>2327</xmax>
            <ymax>2977</ymax>
        </bndbox>
    </object>    <object>
        <name>Pedestrian</name>
        <pose>Unspecified</pose>
        <truncated>0</truncated>
        <difficult>0</difficult>
        <bndbox>
            <xmin>1956</xmin>
            <ymin>2348</ymin>
            <xmax>2059</xmax>
            <ymax>2406</ymax>
        </bndbox>
    </object>    <object>
        <name>Pedestrian</name>
        <pose>Unspecified</pose>
        <truncated>0</truncated>
        <difficult>0</difficult>
        <bndbox>
            <xmin>1698</xmin>
            <ymin>7</ymin>
            <xmax>1755</xmax>
            <ymax>139</ymax>
        </bndbox>
    </object>    <object>
        <name>Pedestrian</name>
        <pose>Unspecified</pose>
        <truncated>0</truncated>
        <difficult>0</difficult>
        <bndbox>
            <xmin>1681</xmin>
            <ymin>1001</ymin>
            <xmax>1737</xmax>
            <ymax>1068</ymax>
        </bndbox>
    </object>    <object>
        <name>Pedestrian</name>
        <pose>Unspecified</pose>
        <truncated>0</truncated>
        <difficult>0</difficult>
        <bndbox>
            <xmin>1858</xmin>
            <ymin>1254</ymin>
            <xmax>1934</xmax>
            <ymax>1345</ymax>
        </bndbox>
    </object>    <object>
        <name>Pedestrian</name>
        <pose>Unspecified</pose>
        <truncated>0</truncated>
        <difficult>0</difficult>
        <bndbox>
            <xmin>1918</xmin>
            <ymin>2395</ymin>
            <xmax>1972</xmax>
            <ymax>2448</ymax>
        </bndbox>
    </object>    <object>
        <name>Pedestrian</name>
        <pose>Unspecified</pose>
        <truncated>0</truncated>
        <difficult>0</difficult>
        <bndbox>
            <xmin>1621</xmin>
            <ymin>2999</ymin>
            <xmax>1697</xmax>
            <ymax>3084</ymax>
        </bndbox>
    </object>    <object>
        <name>Pedestrian</name>
        <pose>Unspecified</pose>
        <truncated>0</truncated>
        <difficult>0</difficult>
        <bndbox>
            <xmin>1360</xmin>
            <ymin>2689</ymin>
            <xmax>1430</xmax>
            <ymax>2769</ymax>
        </bndbox>
    </object>    <object>
        <name>Pedestrian</name>
        <pose>Unspecified</pose>
        <truncated>0</truncated>
        <difficult>0</difficult>
        <bndbox>
            <xmin>1604</xmin>
            <ymin>1616</ymin>
            <xmax>1683</xmax>
            <ymax>1671</ymax>
        </bndbox>
    </object>    <object>
        <name>Pedestrian</name>
        <pose>Unspecified</pose>
        <truncated>0</truncated>
        <difficult>0</difficult>
        <bndbox>
            <xmin>1596</xmin>
            <ymin>949</ymin>
            <xmax>1684</xmax>
            <ymax>1024</ymax>
        </bndbox>
    </object>    <object>
        <name>Pedestrian</name>
        <pose>Unspecified</pose>
        <truncated>0</truncated>
        <difficult>0</difficult>
        <bndbox>
            <xmin>1126</xmin>
            <ymin>318</ymin>
            <xmax>1216</xmax>
            <ymax>430</ymax>
        </bndbox>
    </object>    <object>
        <name>Pedestrian</name>
        <pose>Unspecified</pose>
        <truncated>0</truncated>
        <difficult>0</difficult>
        <bndbox>
            <xmin>1215</xmin>
            <ymin>813</ymin>
            <xmax>1286</xmax>
            <ymax>884</ymax>
        </bndbox>
    </object>    <object>
        <name>Pedestrian</name>
        <pose>Unspecified</pose>
        <truncated>0</truncated>
        <difficult>0</difficult>
        <bndbox>
            <xmin>1056</xmin>
            <ymin>677</ymin>
            <xmax>1140</xmax>
            <ymax>798</ymax>
        </bndbox>
    </object>    <object>
        <name>Pedestrian</name>
        <pose>Unspecified</pose>
        <truncated>0</truncated>
        <difficult>0</difficult>
        <bndbox>
            <xmin>1298</xmin>
            <ymin>2199</ymin>
            <xmax>1359</xmax>
            <ymax>2271</ymax>
        </bndbox>
    </object>    <object>
        <name>Pedestrian</name>
        <pose>Unspecified</pose>
        <truncated>0</truncated>
        <difficult>0</difficult>
        <bndbox>
            <xmin>1403</xmin>
            <ymin>2255</ymin>
            <xmax>1477</xmax>
            <ymax>2321</ymax>
        </bndbox>
    </object>    <object>
        <name>Pedestrian</name>
        <pose>Unspecified</pose>
        <truncated>0</truncated>
        <difficult>0</difficult>
        <bndbox>
            <xmin>1311</xmin>
            <ymin>2318</ymin>
            <xmax>1394</xmax>
            <ymax>2364</ymax>
        </bndbox>
    </object>    <object>
        <name>Pedestrian</name>
        <pose>Unspecified</pose>
        <truncated>0</truncated>
        <difficult>0</difficult>
        <bndbox>
            <xmin>1293</xmin>
            <ymin>2366</ymin>
            <xmax>1371</xmax>
            <ymax>2420</ymax>
        </bndbox>
    </object>    <object>
        <name>Pedestrian</name>
        <pose>Unspecified</pose>
        <truncated>0</truncated>
        <difficult>0</difficult>
        <bndbox>
            <xmin>750</xmin>
            <ymin>3029</ymin>
            <xmax>839</xmax>
            <ymax>3114</ymax>
        </bndbox>
    </object>    <object>
        <name>Pedestrian</name>
        <pose>Unspecified</pose>
        <truncated>0</truncated>
        <difficult>0</difficult>
        <bndbox>
            <xmin>693</xmin>
            <ymin>2610</ymin>
            <xmax>791</xmax>
            <ymax>2692</ymax>
        </bndbox>
    </object>    <object>
        <name>Pedestrian</name>
        <pose>Unspecified</pose>
        <truncated>0</truncated>
        <difficult>0</difficult>
        <bndbox>
            <xmin>870</xmin>
            <ymin>1752</ymin>
            <xmax>948</xmax>
            <ymax>1831</ymax>
        </bndbox>
    </object>    <object>
        <name>Pedestrian</name>
        <pose>Unspecified</pose>
        <truncated>0</truncated>
        <difficult>0</difficult>
        <bndbox>
            <xmin>671</xmin>
            <ymin>1396</ymin>
            <xmax>805</xmax>
            <ymax>1458</ymax>
        </bndbox>
    </object>    <object>
        <name>Pedestrian</name>
        <pose>Unspecified</pose>
        <truncated>0</truncated>
        <difficult>0</difficult>
        <bndbox>
            <xmin>685</xmin>
            <ymin>1336</ymin>
            <xmax>823</xmax>
            <ymax>1394</ymax>
        </bndbox>
    </object>    <object>
        <name>Pedestrian</name>
        <pose>Unspecified</pose>
        <truncated>0</truncated>
        <difficult>0</difficult>
        <bndbox>
            <xmin>720</xmin>
            <ymin>1223</ymin>
            <xmax>854</xmax>
            <ymax>1279</ymax>
        </bndbox>
    </object>    <object>
        <name>Pedestrian</name>
        <pose>Unspecified</pose>
        <truncated>0</truncated>
        <difficult>0</difficult>
        <bndbox>
            <xmin>2103</xmin>
            <ymin>2975</ymin>
            <xmax>2145</xmax>
            <ymax>3051</ymax>
        </bndbox>
    </object>    <object>
        <name>Pedestrian</name>
        <pose>Unspecified</pose>
        <truncated>0</truncated>
        <difficult>0</difficult>
        <bndbox>
            <xmin>1578</xmin>
            <ymin>2910</ymin>
            <xmax>1648</xmax>
            <ymax>2971</ymax>
        </bndbox>
    </object>    <object>
        <name>Pedestrian</name>
        <pose>Unspecified</pose>
        <truncated>0</truncated>
        <difficult>0</difficult>
        <bndbox>
            <xmin>589</xmin>
            <ymin>1951</ymin>
            <xmax>701</xmax>
            <ymax>2002</ymax>
        </bndbox>
    </object>    <object>
        <name>Pedestrian</name>
        <pose>Unspecified</pose>
        <truncated>0</truncated>
        <difficult>0</difficult>
        <bndbox>
            <xmin>1028</xmin>
            <ymin>1733</ymin>
            <xmax>1112</xmax>
            <ymax>1818</ymax>
        </bndbox>
    </object>    <object>
        <name>Pedestrian</name>
        <pose>Unspecified</pose>
        <truncated>0</truncated>
        <difficult>0</difficult>
        <bndbox>
            <xmin>951</xmin>
            <ymin>1068</ymin>
            <xmax>1039</xmax>
            <ymax>1135</ymax>
        </bndbox>
    </object>    <object>
        <name>Pedestrian</name>
        <pose>Unspecified</pose>
        <truncated>0</truncated>
        <difficult>0</difficult>
        <bndbox>
            <xmin>875</xmin>
            <ymin>1016</ymin>
            <xmax>964</xmax>
            <ymax>1099</ymax>
        </bndbox>
    </object>    <object>
        <name>Pedestrian</name>
        <pose>Unspecified</pose>
        <truncated>0</truncated>
        <difficult>0</difficult>
        <bndbox>
            <xmin>999</xmin>
            <ymin>1019</ymin>
            <xmax>1052</xmax>
            <ymax>1075</ymax>
        </bndbox>
    </object>    <object>
        <name>Pedestrian</name>
        <pose>Unspecified</pose>
        <truncated>0</truncated>
        <difficult>0</difficult>
        <bndbox>
            <xmin>848</xmin>
            <ymin>766</ymin>
            <xmax>961</xmax>
            <ymax>840</ymax>
        </bndbox>
    </object>    <object>
        <name>Pedestrian</name>
        <pose>Unspecified</pose>
        <truncated>0</truncated>
        <difficult>0</difficult>
        <bndbox>
            <xmin>738</xmin>
            <ymin>567</ymin>
            <xmax>832</xmax>
            <ymax>665</ymax>
        </bndbox>
    </object>    <object>
        <name>Pedestrian</name>
        <pose>Unspecified</pose>
        <truncated>0</truncated>
        <difficult>0</difficult>
        <bndbox>
            <xmin>729</xmin>
            <ymin>485</ymin>
            <xmax>839</xmax>
            <ymax>593</ymax>
        </bndbox>
    </object>    <object>
        <name>Pedestrian</name>
        <pose>Unspecified</pose>
        <truncated>0</truncated>
        <difficult>0</difficult>
        <bndbox>
            <xmin>785</xmin>
            <ymin>422</ymin>
            <xmax>895</xmax>
            <ymax>513</ymax>
        </bndbox>
    </object>    <object>
        <name>Pedestrian</name>
        <pose>Unspecified</pose>
        <truncated>0</truncated>
        <difficult>0</difficult>
        <bndbox>
            <xmin>803</xmin>
            <ymin>248</ymin>
            <xmax>879</xmax>
            <ymax>331</ymax>
        </bndbox>
    </object>    <object>
        <name>Pedestrian</name>
        <pose>Unspecified</pose>
        <truncated>0</truncated>
        <difficult>0</difficult>
        <bndbox>
            <xmin>381</xmin>
            <ymin>82</ymin>
            <xmax>505</xmax>
            <ymax>201</ymax>
        </bndbox>
    </object>    <object>
        <name>Pedestrian</name>
        <pose>Unspecified</pose>
        <truncated>0</truncated>
        <difficult>0</difficult>
        <bndbox>
            <xmin>287</xmin>
            <ymin>597</ymin>
            <xmax>400</xmax>
            <ymax>665</ymax>
        </bndbox>
    </object>    <object>
        <name>Pedestrian</name>
        <pose>Unspecified</pose>
        <truncated>0</truncated>
        <difficult>0</difficult>
        <bndbox>
            <xmin>390</xmin>
            <ymin>676</ymin>
            <xmax>475</xmax>
            <ymax>736</ymax>
        </bndbox>
    </object>    <object>
        <name>Pedestrian</name>
        <pose>Unspecified</pose>
        <truncated>0</truncated>
        <difficult>0</difficult>
        <bndbox>
            <xmin>369</xmin>
            <ymin>637</ymin>
            <xmax>480</xmax>
            <ymax>705</ymax>
        </bndbox>
    </object>
</annotation>
